Column1,Hello_2,Yoyo
1,a,Jan
2,b,Feb
3,c,Mar
4,d,Apr
5,e,May
6,f,Jun
7,a,Jul
8,b,Aug
9,c,Sep
10,d,Oct
11,e,Nov
12,f,Dec
13,a,Jan
14,b,Feb
15,c,Mar
16,d,Apr
17,e,May
18,f,Jun
19,a,Jul
20,b,Aug
21,c,Sep
22,d,Oct
23,e,Nov
24,f,Dec
25,a,Jan
26,b,Feb
27,c,Mar
28,d,Apr
29,e,May
30,f,Jun
31,a,Jul
32,b,Aug
33,c,Sep
34,d,Oct
35,e,Nov
36,f,Dec
37,a,Jan
38,b,Feb
39,c,Mar
40,d,Apr
41,e,May
42,f,Jun
43,a,Jul
44,b,Aug
45,c,Sep
46,d,Oct
47,e,Nov
48,f,Dec
49,a,Jan
50,b,Feb
51,c,Mar
52,d,Apr
53,e,May
54,f,Jun
55,a,Jul
56,b,Aug
57,c,Sep
58,d,Oct
59,e,Nov
60,f,Dec
